,fc2.bias_0,fc2.bias_1,fc2.bias_2,fc2.bias_3,fc2.bias_4,fc2.bias_5,fc2.bias_6,fc2.bias_7,fc2.bias_8,fc2.bias_9,fc2.bias_10,fc2.bias_11,fc2.bias_12,fc2.bias_13,fc2.bias_14,fc2.bias_15,fc2.bias_16,fc2.bias_17,fc2.bias_18,fc2.bias_19,fc2.bias_20,fc2.bias_21,fc2.bias_22,fc2.bias_23,fc2.bias_24,fc2.bias_25,fc2.bias_26,fc2.bias_27,fc2.bias_28,fc2.bias_29,fc2.bias_30,fc2.bias_31,fc2.bias_32,fc2.bias_33,fc2.bias_34,fc2.bias_35,fc2.bias_36,fc2.bias_37,fc2.bias_38,fc2.bias_39,fc2.bias_40,fc2.bias_41,fc2.bias_42,fc2.bias_43,fc2.bias_44,fc2.bias_45,fc2.bias_46,fc2.bias_47,fc2.bias_48,fc2.bias_49,fc2.bias_50,fc2.bias_51,fc2.bias_52,fc2.bias_53,fc2.bias_54,fc2.bias_55,fc2.bias_56,fc2.bias_57,fc2.bias_58,fc2.bias_59,fc2.bias_60,fc2.bias_61,fc2.bias_62,fc2.bias_63
0,-0.807542085647583,-0.2647917866706848,-0.3407014012336731,0.36398473381996155,-0.4070632755756378,-0.1865738034248352,-0.47024068236351013,-0.7314658761024475,-0.010773707181215286,-1.6490994691848755,1.0187132358551025,-2.2423274517059326,-1.1683740615844727,-1.3779253959655762,-0.15765145421028137,-1.3039873838424683,-0.6401165127754211,0.061460431665182114,-0.5244154930114746,-0.1296568661928177,-1.6090010404586792,-0.5589033365249634,-0.44455498456954956,-0.7991713285446167,1.5481995344161987,-0.4527726173400879,0.23794926702976227,-0.279893696308136,0.5045353770256042,0.4096758961677551,0.2221599668264389,-0.9387398958206177,-1.4939746856689453,1.5047481060028076,-1.438447117805481,-0.10617242008447647,-1.2509444952011108,-0.8847110271453857,-2.5599148273468018,-0.7959203720092773,-0.7221161723136902,-0.42476752400398254,-1.860852837562561,-0.926396369934082,-0.041841935366392136,-1.037136435508728,-0.21102364361286163,-0.4276650547981262,0.872039794921875,0.8332675695419312,0.9619462490081787,-1.4312667846679688,-1.4129455089569092,-1.0917500257492065,-1.7525911331176758,-1.235932469367981,-1.106524109840393,-1.430821418762207,-0.3501468002796173,-0.701796293258667,-1.6274511814117432,-0.9162828326225281,-1.1314529180526733,-0.5066470503807068
